,FirstName,LastName,DateOfBirth
0,Sarah,Mitchell,1954-04-06
1,Rhonda,Villegas,1957-03-06
2,Ryan,Jones,1955-11-02
3,Chloe,Gonzales,1964-11-07
4,Tyler,Serrano,2014-03-09
5,Cheryl,White,1977-12-19
6,Anthony,Mcfarland,1992-08-12
7,Ellen,Kelley,2014-11-22
8,Julie,Phillips,1993-08-11
9,Wayne,Herman,1935-04-14
10,John,Moore,1960-05-03
11,Garrett,Bowman,2001-04-17
12,Antonio,Thomas,1943-01-28
13,Robert,Mckenzie,2015-08-07
14,Jacob,Munoz,1961-06-24
15,Karen,Myers,1975-08-22
16,Lisa,Anderson,2019-07-07
17,Sharon,Little,1980-10-31
18,Mark,Byrd,1930-03-23
19,Melissa,Washington,1998-08-10
20,Daniel,Reed,1981-03-20
21,Chad,Curtis,2010-07-16
22,Matthew,Bailey,1927-05-01
23,Amanda,Murray,1951-11-27
24,Jeffrey,Orozco,1989-02-26
25,Teresa,Campbell,1993-06-26
26,Amy,Miller,2018-11-22
27,Ashley,Smith,2019-01-23
28,Robert,Zimmerman,2008-01-05
29,Jennifer,Gutierrez,1929-04-17
30,Rebecca,Weeks,2020-07-13
31,Julie,Nunez,2004-08-30
32,Cody,Bailey,1924-10-09
33,Laura,Thompson,1996-10-23
34,Robert,Contreras,2014-01-21
35,Jessica,Young,1998-02-18
36,Kristen,Alvarado,1935-02-13
37,Dillon,Torres,1983-06-13
38,Jessica,Chambers,1948-01-31
39,Olivia,Smith,1948-05-25
40,Michael,Robinson,1939-10-09
41,Christine,Le,1957-12-03
42,Scott,Walters,1988-04-27
43,Daniel,Burton,1974-10-23
44,James,Kelly,2005-06-03
45,Catherine,Boyd,1942-11-07
46,Paul,Shepard,2011-01-16
47,Angela,Perry,1945-06-29
48,Thomas,Smith,1976-02-23
49,Derrick,Reilly,1933-08-08
50,Jamie,Strong,1929-07-26
51,Kimberly,Wallace,1975-02-09
52,Erin,Rodriguez,1978-08-17
53,Matthew,Mcdonald,1982-12-04
54,Heather,Scott,2005-07-09
55,Angela,Lyons,1981-01-13
56,Stephanie,Long,1991-07-25
57,Tammy,Bryant,1925-09-12
58,Kara,Douglas,2005-12-19
59,Nicholas,Barron,2024-02-04
60,Elizabeth,Lucas,1949-05-20
61,Erin,Pennington,1998-12-08
62,Amanda,Sanchez,1945-12-03
63,Connor,Harvey,1956-10-31
64,Ronald,Mcdonald,1929-10-27
65,Desiree,Owens,1924-07-01
66,Christopher,Best,1993-03-23
67,Amber,Randall,2006-04-27
68,Ryan,Lucero,2017-01-19
69,Mary,Trevino,2008-10-23
70,Lynn,Murray,2006-06-20
71,Andrew,Pugh,1950-08-09
72,Christina,Bean,2008-04-23
73,Jeremy,Lee,1957-10-20
74,Charlene,Douglas,1975-04-27
75,James,Barrett,1969-08-24
76,Michael,Walker,1928-02-27
77,Chase,Briggs,1981-01-23
78,Connor,Crawford,1948-11-07
79,James,Ayala,1950-11-10
80,Haley,Gilbert,2017-09-02
81,Sean,Holland,1927-08-09
82,Jason,Moreno,1947-04-06
83,Kyle,Hayes,1971-05-17
84,Andrew,Powell,2021-06-08
85,Jacob,Sanders,1964-05-07
86,Stephanie,Hurst,1970-03-26
87,Joshua,Gallegos,1978-12-21
88,Keith,Andrade,2002-12-19
89,Aaron,Fisher,1990-12-30
90,Christine,Williams,1977-01-20
91,Carla,Doyle,1975-01-09
92,Jennifer,Douglas,2017-06-27
93,Kimberly,Mclaughlin,2023-10-10
94,Jade,Smith,1977-11-13
95,Joseph,Leon,2019-06-01
96,Cynthia,Arroyo,1937-05-07
97,Jessica,Clark,1928-03-25
98,Robert,Ramirez,1993-05-11
99,April,Simmons,1940-10-06
100,Nicholas,Gregory,1938-06-15
101,Crystal,Morgan,1964-09-05
102,Marilyn,Jones,1969-06-17
103,Katherine,Miller,1930-05-15
104,Daniel,Black,1950-05-01
105,John,Wolfe,1997-04-04
106,Todd,Brown,1977-09-10
107,Dave,Miles,1983-05-11
108,David,Reyes,1949-04-08
109,Michael,Rivas,1959-04-22
110,Jonathan,Stewart,1959-01-01
111,Shari,Goodman,1938-01-26
112,Jason,Flores,1960-02-21
113,Monica,Guerrero,1924-09-03
114,Sarah,Miller,1931-09-07
115,Glen,Owens,1949-05-10
116,Isaac,Gonzalez,1930-11-19
117,Victoria,Griffin,1945-04-13
118,Nicole,Lowery,2003-08-03
119,Kiara,Fleming,2006-03-07
120,Randy,Pittman,1939-01-23
121,Ronald,Parker,1992-11-07
122,Thomas,Jimenez,2008-07-17
123,Jacob,Miller,1932-04-04
124,Marie,Franklin,1969-01-03
125,Lauren,Wheeler,1967-10-21
126,Jennifer,Lowe,1969-10-03
127,Amber,White,1975-04-19
128,Brandon,Johnson,2002-01-03
129,Michael,Dalton,1983-01-13
130,Kenneth,Smith,1933-02-27
131,Vanessa,Martin,1975-12-03
132,James,Erickson,1950-09-17
133,Sarah,Sutton,2014-04-30
134,Nicole,Gibbs,1950-07-09
135,Ronald,Armstrong,1937-04-01
136,Jenna,Harrington,1986-08-04
137,Mark,Smith,1979-11-03
138,Melissa,Lee,1929-07-28
139,Nancy,Boyd,1965-03-08
140,Alexis,Orr,1972-06-15
141,William,Knight,1973-04-26
142,Shawn,Graham,1954-12-24
143,Kyle,Sellers,2005-11-16
144,Gary,Washington,1969-09-02
145,Sylvia,Powers,1968-06-25
146,Randall,Blair,1954-06-20
147,Kevin,Campbell,1981-05-01
148,Justin,Hurst,1963-12-28
149,Nina,Ramirez,1979-12-03
150,Samantha,Bennett,2005-10-13
151,Joseph,Freeman,1956-08-21
152,Christopher,Olson,1925-06-17
153,Jonathan,Brown,1933-05-17
154,Justin,Archer,2023-09-07
155,Ian,Vasquez,1996-03-21
156,Mark,Harris,1947-10-10
157,Roberto,King,1991-01-26
158,Christopher,Miller,1933-05-10
159,Jason,Blevins,2000-08-21
160,Juan,Jones,1976-11-28
161,Janet,Bell,1983-11-21
162,Brittany,Holland,2017-09-21
163,Nicholas,Barrett,1984-07-04
164,Kayla,Sawyer,2002-08-25
165,Matthew,Cooley,1983-04-12
166,Darrell,Daniels,1937-06-25
167,Christopher,Reeves,2007-08-11
168,Leslie,Lee,1986-06-18
169,Jennifer,Brown,2022-02-06
170,Diane,Solis,1961-06-22
171,Karen,Delacruz,1967-03-05
172,Debbie,Blankenship,2009-11-05
173,Vincent,Jackson,1944-08-16
174,Vincent,Lopez,1948-01-24
175,Joseph,Morales,1965-04-06
176,Anna,Moore,1969-02-17
177,Rebecca,Chapman,1965-01-17
178,Monica,Hale,2021-06-04
179,Matthew,Bell,1986-05-03
180,Jeremy,Blackburn,1976-09-30
181,Roy,Myers,1966-03-24
182,Gary,Walls,1950-07-12
183,Todd,Martinez,1954-11-05
184,Terry,Vasquez,1995-09-15
185,Charles,Young,1926-12-08
186,Lynn,Williams,1946-03-16
187,Nancy,Williams,1967-12-26
188,Karen,Combs,1955-06-18
189,Debra,Brown,1962-01-19
190,Carrie,Burke,1939-07-16
191,Kathleen,Thornton,1935-04-25
192,Katelyn,Bryan,1976-02-10
193,Cynthia,Gray,1994-05-22
194,Michael,Johnson,1993-10-16
195,Alex,Jimenez,1964-02-10
196,Rebecca,Reyes,1957-06-09
197,Michelle,Benson,1929-08-14
198,Ashley,Mclaughlin,1958-09-26
199,Cathy,Ramos,1974-12-02
200,Seth,Lee,2016-10-27
201,Jacqueline,Black,1942-04-06
202,Lynn,Cole,1965-04-11
203,Angelica,Chapman,1931-12-24
204,Margaret,Serrano,1928-05-14
205,Stacey,Washington,2004-01-02
206,Jill,Hill,2000-09-08
207,Brad,Brown,1989-12-16
208,Amanda,Hayes,1957-07-07
209,Scott,Baker,2009-08-02
210,Mary,Bowers,1977-02-12
211,David,Marshall,1966-09-09
212,Shelby,Boyd,1973-01-03
213,Matthew,Yates,2004-08-19
214,Angela,Young,1950-04-15
215,Brian,Smith,1949-05-16
216,Anne,Taylor,1934-10-18
217,Dawn,Nunez,1999-07-11
218,Kristina,Vasquez,2009-08-22
219,Matthew,Hawkins,1982-11-01
220,Tracy,Lawrence,2004-10-13
221,Jackson,Robertson,1930-10-25
222,David,Small,2010-12-22
223,Bradley,Johnson,1957-02-01
224,Leah,Ortiz,1983-02-18
225,Timothy,Simpson,1937-12-25
226,Alan,Andersen,1960-04-28
227,Adam,Quinn,1925-03-01
228,Diane,Davis,1937-09-06
229,Hunter,Olson,1979-03-27
230,Robin,Wheeler,1949-12-17
231,Jacob,Campbell,1970-10-13
232,Jonathan,Jones,2022-05-12
233,Amanda,Evans,2000-08-07
234,Anthony,Davidson,1972-11-19
235,William,Lawrence,1973-01-26
236,William,Adams,1980-08-09
237,Kellie,Garcia,1988-01-15
238,Ruth,Russo,1926-11-12
239,James,Gill,1985-07-06
240,Dean,Davis,1929-04-05
241,Eric,Taylor,1948-05-13
242,Daniel,Chen,1980-03-17
243,Betty,Strickland,1989-07-01
244,Jacqueline,Robinson,1940-06-22
245,Michael,Newton,2009-05-25
246,Brian,Blackwell,1979-05-01
247,Tiffany,Cameron,2020-07-01
248,Morgan,Tucker,1931-11-06
249,Gina,Smith,1997-10-03
250,Natasha,Howard,1941-03-21
251,Terri,Roberson,1985-07-25
252,Robert,Cooper,1966-09-03
253,Terri,Vargas,1997-12-06
254,Amanda,Hamilton,1927-02-06
255,Gregory,Cunningham,2007-07-28
256,Christopher,Garrett,1989-04-30
257,Brian,Delgado,1977-07-05
258,Emily,King,1929-09-05
259,Whitney,Robinson,1962-04-08
260,Andre,Adams,2017-05-03
261,Angela,Johnson,2012-08-25
262,Heather,Dixon,1946-03-13
263,Brandon,Roberts,1940-11-02
264,Dustin,Stark,1942-03-07
265,Rachel,Cross,2018-04-11
266,Susan,Lopez,1985-06-28
267,John,Pittman,2021-06-07
268,James,Scott,1931-05-31
269,James,Jones,1999-01-08
270,Kyle,Frey,1962-10-29
271,Carol,Cardenas,2021-01-20
272,Erin,Osborn,2021-10-15
273,Samuel,Brown,1973-08-14
274,Eric,Hall,1949-12-25
275,Cameron,Wilson,1965-07-24
276,Kayla,Mason,1964-10-15
277,Robert,Reed,1941-09-15
278,Erica,Keller,1989-10-31
279,Sarah,Ramos,2007-09-19
280,Jade,Thompson,1978-10-14
281,Jason,Ponce,1950-10-08
282,Christina,Smith,1934-12-17
283,Hannah,Anderson,2024-05-09
284,Glen,Jackson,2008-12-07
285,Gary,Morse,1942-11-11
286,Alexandra,Craig,1956-08-16
287,Gloria,Roman,1975-03-14
288,Richard,Nichols,1964-10-14
289,Jimmy,Keller,1972-04-04
290,Kimberly,Howe,1953-09-24
291,Krista,Wood,1966-04-15
292,Edward,Sanchez,1935-12-14
293,Amber,Rogers,1984-05-21
294,David,Robbins,1948-06-30
295,Brandy,Nguyen,2018-11-30
296,Andrea,Day,1942-05-07
297,James,Hughes,1944-04-09
298,Laurie,Brady,1932-05-27
299,Stephanie,Reynolds,2005-03-25
300,Brianna,Brandt,1961-06-18
301,Stephanie,Howell,2014-05-10
302,Ashley,Wagner,1967-02-22
303,Holly,Miranda,1949-03-19
304,Melissa,Martin,1995-01-25
305,Heather,Carroll,1972-08-30
306,Tracey,Rivera,2023-08-28
307,Julia,Sullivan,1926-04-13
308,Jeremy,Williams,1946-01-12
309,Gabriel,Taylor,1964-05-15
310,Tamara,Thomas,1929-06-13
311,Maria,Mclaughlin,2000-08-31
312,Nicholas,Gonzalez,1968-02-12
313,Dawn,Fritz,1958-03-08
314,Jacob,Perry,1987-10-02
315,Anthony,Williams,1991-09-23
316,Marisa,Bartlett,1964-02-10
317,Joanne,Mccarty,1982-06-15
318,Veronica,Townsend,1943-12-29
319,Eric,Rice,1999-09-15
320,Robert,Williams,1934-09-20
321,Maria,Bright,1995-10-09
322,Keith,Jordan,1975-05-13
323,James,Jackson,1969-02-02
324,Eric,Brady,2011-06-11
325,Steven,Scott,1972-12-14
326,Travis,Beck,1958-05-27
327,Thomas,Chan,1974-10-29
328,Charles,Daniels,1982-12-07
329,Collin,Burns,1985-09-28
330,David,Davis,1982-11-12
331,Elizabeth,Glenn,2012-02-22
332,Jack,Ward,1954-04-07
333,Matthew,Washington,1935-01-31
334,Jasmine,Conley,2023-11-28
335,Virginia,Banks,1989-08-11
336,Dustin,Garza,2004-07-16
337,Steven,Pham,1954-05-03
338,Dennis,Patton,2013-11-29
339,Megan,Johnston,1952-02-18
340,Tina,Lane,2014-04-08
341,Derek,Hicks,1987-08-15
342,Amy,Whitney,1942-04-21
343,James,Hart,2006-12-15
344,Brandon,Winters,1928-08-26
345,Jaime,Munoz,1985-12-13
346,Jean,Ramsey,1970-07-05
347,James,Vazquez,1955-09-14
348,Barbara,Neal,1929-08-02
349,Mario,Summers,1962-04-21
350,Anthony,Murillo,1944-12-24
351,Nicholas,Martin,1934-09-10
352,Beverly,Chaney,1967-01-01
353,Jesse,Boyer,1993-06-30
354,Yvonne,Gonzalez,1950-05-20
355,Carolyn,Gray,1993-01-02
356,Tina,Bauer,1996-05-23
357,Stephanie,Johnson,1966-06-25
358,Michael,Hawkins,2008-03-29
359,Melody,Lane,2016-06-12
360,Cathy,Kim,1988-09-27
361,Brandon,Brown,2014-05-04
362,Bethany,Johnson,1929-11-02
363,Valerie,Davis,2023-07-05
364,Zachary,Jackson,1978-09-14
365,Amy,Fletcher,1975-07-01
366,Matthew,Dalton,1959-04-05
367,Joyce,Riley,1988-09-16
368,Nicholas,Taylor,1966-05-20
369,Tracy,Bray,1940-01-04
370,Cassandra,Jones,1949-01-13
371,Julie,Johnson,1951-07-18
372,Christopher,Williams,1959-06-11
373,Cindy,Carney,1963-08-11
374,Alan,Lewis,1945-09-12
375,David,Townsend,2003-04-19
376,Sydney,Bentley,1959-07-04
377,Brandon,Burton,2002-10-16
378,Sean,Vargas,1950-10-19
379,Douglas,Maxwell,2012-08-21
380,Carlos,Henry,1989-01-26
381,Calvin,Martin,1978-07-26
382,Lauren,Adkins,1987-12-10
383,Lance,Allen,1994-12-12
384,Madison,Clark,1989-10-24
385,Christopher,Jones,1963-01-23
386,Jennifer,Reilly,1998-02-18
387,Amber,Perez,1975-02-19
388,Shelley,Weaver,1982-06-06
389,Amanda,Hurst,2005-05-27
390,Marcus,Thompson,1929-06-20
391,Ryan,Turner,2006-05-18
392,Emma,Lewis,1972-05-30
393,Candice,Snyder,2005-01-29
394,Heidi,Carroll,1943-09-02
395,Dawn,Stafford,1966-03-10
396,Gabrielle,Vaughan,1936-03-31
397,Erin,Taylor,2010-10-16
398,Cindy,Wilson,1959-06-03
399,Lisa,Warren,1944-08-05
400,Roy,Dean,1945-01-05
401,Jeffrey,Mckee,1958-11-15
402,Melissa,Parks,1963-01-14
403,Meagan,Jefferson,1985-02-14
404,Bailey,Clark,2014-02-16
405,Angel,Chavez,2001-09-30
406,Donald,Johnson,1949-09-01
407,Alyssa,Irwin,1934-09-12
408,William,Lee,1995-09-29
409,Wesley,Howell,1961-08-21
410,Sarah,Martin,1944-02-18
411,Morgan,Pham,1924-09-28
412,Amy,Rowe,2001-05-22
413,Autumn,Davis,1937-09-12
414,Jeffrey,Fletcher,1962-02-11
415,Donna,Vasquez,1950-01-06
416,Beverly,Clark,2005-01-22
417,Brian,Lewis,2005-01-13
418,Robert,Gibson,2021-06-18
419,Andres,Mayer,1993-01-25
420,Amber,Franklin,1953-01-10
421,Amanda,Flores,1947-12-11
422,Bryan,Buckley,1962-12-09
423,James,Jones,1968-09-16
424,Robert,Murillo,1933-08-01
425,Elizabeth,Oconnor,2024-07-11
426,Paul,Kidd,1993-11-12
427,Nicole,Adams,1990-10-23
428,Crystal,Grant,1957-02-15
429,Aaron,Freeman,1964-04-28
430,Margaret,Jackson,1994-05-28
431,Matthew,Jackson,1977-04-13
432,James,Hughes,1936-11-28
433,Daniel,Wells,2018-07-03
434,Tiffany,Jackson,1976-11-27
435,James,Miller,1967-03-15
436,Lauren,Castillo,1945-04-18
437,Robert,Bates,1952-12-11
438,Victor,Valdez,1966-05-30
439,Joseph,Vaughan,1977-04-09
440,Grant,Moore,1944-05-05
441,Ashley,Long,1996-01-06
442,Joshua,Russell,1996-04-08
443,Cynthia,Mclean,2018-07-16
444,Kristy,Mueller,1993-05-28
445,Kelly,Mccarthy,1962-03-31
446,Stephanie,Smith,1992-12-23
447,Randy,Kerr,1980-01-09
448,Benjamin,Brown,1940-11-02
449,Sarah,Mcclure,2020-07-05
450,Emma,Morales,1944-06-23
451,Kevin,Norton,1973-09-11
452,Michelle,Ingram,1982-09-18
453,Jennifer,Vargas,1931-04-17
454,Kenneth,Martin,2019-08-06
455,Sonya,Robinson,2001-08-26
456,Stacy,Ramirez,1941-07-13
457,Destiny,Evans,2005-06-20
458,Mary,Payne,1999-09-02
459,Christopher,Stout,2006-10-10
460,Kaitlin,Hull,1932-07-14
461,Jennifer,Moore,1946-04-03
462,Donna,Rojas,2000-11-25
463,Benjamin,Randall,1961-09-06
464,Tyrone,Williams,1957-03-21
465,Raymond,Nguyen,1954-06-28
466,Michael,Moses,2004-11-02
467,Robert,Foster,1960-03-30
468,Lisa,Garcia,2017-05-03
469,Taylor,Perez,1999-10-05
470,Madison,Cruz,2019-07-09
471,Sandra,Rojas,1952-07-25
472,Margaret,Rodriguez,1956-11-21
473,Deborah,Grant,1968-04-22
474,Tanya,Haynes,2003-12-17
475,Amber,Thomas,1974-03-06
476,Taylor,Dixon,1987-03-09
477,Cheryl,Hall,2005-08-04
478,Tamara,Price,1963-05-21
479,Erin,Carroll,1965-10-06
480,Stephanie,Smith,2017-06-07
481,Stanley,Valdez,1978-03-29
482,Amanda,Harris,1984-12-18
483,Thomas,Anderson,1952-09-19
484,Michael,Fernandez,1994-07-30
485,Jonathan,Perry,1988-07-30
486,Jeanette,Cooley,1938-12-06
487,Sean,Gregory,1982-11-16
488,Angela,Sullivan,1988-02-29
489,Holly,Velasquez,1943-02-20
490,Emily,Brown,1936-03-07
491,Ryan,Silva,1947-04-13
492,Jennifer,Valencia,2016-08-08
493,Keith,Maldonado,2019-11-22
494,Amanda,Boyd,1979-01-09
495,Emily,Robinson,2014-02-22
496,Kimberly,Wells,1984-01-26
497,Joshua,Butler,1970-10-25
498,Kristi,Martin,1956-11-28
499,Makayla,Perkins,1948-01-10
500,Taylor,Russell,1967-06-22
501,Jennifer,Schmitt,2006-06-30
502,Randy,Snow,1975-09-10
503,Joshua,Taylor,1978-09-28
504,Shelley,Foster,1928-04-18
505,Robert,Knight,1931-10-02
506,Anthony,Beasley,1956-09-24
507,Laura,Martinez,1994-08-16
508,Rachel,Wade,2002-10-14
509,Hector,Wilkins,1971-02-09
510,Henry,Kelly,2006-05-07
511,Angela,Macdonald,1961-05-26
512,Bridget,Perez,1936-03-18
513,Jacob,Anderson,1933-04-23
514,Rebecca,Pham,1942-02-05
515,Elizabeth,West,2009-08-06
516,Jesus,Stewart,1943-06-01
517,Gerald,Walsh,1974-12-27
518,John,Barrera,2022-08-07
519,Timothy,Reed,1923-10-10
520,Virginia,Lucas,2005-02-10
521,Timothy,Stanton,2011-01-19
522,Christie,Reese,1943-07-15
523,Tyler,Burnett,1958-07-11
524,Lynn,Watson,1927-12-06
525,Robert,Roman,1939-03-30
526,Brittney,Rodriguez,1990-11-18
527,Luke,Merritt,1925-09-05
528,Jennifer,Horton,2004-03-14
529,Courtney,Gibson,1935-05-13
530,Zachary,Bowman,1974-01-23
531,Shawn,Wilson,2010-08-28
532,Jeremiah,Long,2009-09-04
533,Alicia,Williams,1978-05-10
534,John,Murillo,1959-10-29
535,James,Davis,1990-12-24
536,Troy,Lopez,1927-10-31
537,Dawn,Obrien,2012-02-15
538,Stephanie,West,1996-11-05
539,Kathryn,Barnett,1935-07-21
540,David,Bishop,2020-04-08
541,Brian,Williams,2000-03-16
542,Michael,Myers,1990-05-05
543,Christopher,Martin,1962-04-15
544,John,Hampton,1945-10-08
545,Daniel,Jones,1974-11-11
546,Angela,Russell,2017-11-08
547,Jason,Hall,1960-01-18
548,Brandon,Ortiz,1994-10-07
549,Jason,Little,1995-04-21
550,Stephanie,Buckley,2015-12-01
551,Isaac,Shepherd,1990-06-05
552,Daniel,Gonzales,1965-02-21
553,Janice,Johnston,1994-08-04
554,Kevin,Arias,2006-08-31
555,Paul,Mcguire,1944-12-05
556,Megan,Wright,1989-10-10
557,Michael,Schroeder,2006-01-18
558,Roy,Porter,1944-05-31
559,Kathleen,Miller,1990-10-09
560,Richard,Ford,1977-03-29
561,Tamara,Zuniga,1925-06-23
562,Gary,Burns,1945-07-02
563,Mark,Jones,1933-07-19
564,Aaron,Lamb,2017-12-10
565,Donna,Gonzalez,2018-09-24
566,Charles,Raymond,2005-08-04
567,Karen,Kidd,2006-12-12
568,John,Khan,1978-01-18
569,Ashlee,Atkins,2000-11-21
570,Emily,Johnson,2000-01-30
571,Andrew,Hawkins,1974-04-14
572,Alexis,Russell,2002-01-19
573,Joseph,Rhodes,2023-09-19
574,Jamie,Matthews,1955-11-28
575,Sandy,Baldwin,1949-04-15
576,Kimberly,Brown,1955-02-06
577,Ryan,Cook,2016-09-01
578,Melissa,Estrada,1942-04-02
579,Levi,Calderon,2015-03-30
580,Melissa,Molina,1979-01-16
581,Kelly,Schaefer,1985-07-25
582,Blake,Hickman,1991-01-20
583,Ashley,Frazier,1945-08-26
584,Cory,Holland,1998-02-13
585,Jonathan,Romero,2007-08-01
586,Kevin,Hughes,1974-10-08
587,Nicholas,Vance,1980-09-27
588,Ryan,Le,1932-07-02
589,Richard,Lyons,2012-02-04
590,James,Bailey,1976-04-25
591,Christine,Bishop,1939-07-14
592,Mallory,Hall,1928-03-14
593,Linda,Bradley,1945-04-26
594,Paul,Benson,1935-11-25
595,Eric,Sanders,1951-06-04
596,Lee,Madden,2016-03-25
597,Tracy,Garrison,1988-11-08
598,Elizabeth,Allen,1994-09-09
599,Roger,Hubbard,2016-04-03
600,Cindy,Morrow,1997-08-12
601,Chris,Ayers,1988-07-13
602,Brandon,Frederick,2016-02-17
603,Daniel,Kaiser,1941-05-27
604,Matthew,Levy,1971-08-05
605,Daniel,Gray,2002-10-07
606,Robin,White,1948-09-21
607,Brandy,Watkins,2018-01-13
608,Amanda,Leonard,1970-01-10
609,Susan,Daniel,1977-05-09
610,Gina,Murphy,1986-03-08
611,Adam,Ortiz,1986-03-22
612,April,Fleming,1973-07-20
613,Michael,Sims,1991-05-31
614,Janet,Taylor,2008-12-14
615,Jeremy,Thomas,1988-09-05
616,Amber,Bradley,2000-01-10
617,Bradley,Hunter,1962-02-12
618,Joe,Gibbs,1927-08-24
619,Craig,Cruz,1947-09-28
620,Aaron,Herrera,2014-03-28
621,Alyssa,Gonzalez,2006-09-28
622,Benjamin,Schroeder,1945-07-03
623,Anthony,Brown,1932-05-06
624,Ernest,Flores,2000-11-09
625,John,Howard,1962-11-02
626,Samantha,Riley,1954-09-27
627,Matthew,Forbes,1988-11-15
628,Jeffery,Reilly,1999-01-26
629,Mark,Hunt,1991-07-01
630,Larry,Pham,1989-08-11
631,Frank,Sanchez,1947-07-07
632,Gabriela,Brown,2005-05-23
633,Ronald,Shields,1981-12-21
634,Charles,Browning,2000-03-24
635,Lauren,Hall,1966-11-14
636,Roger,Thompson,1987-07-24
637,Tina,Diaz,2014-04-11
638,Rebecca,Wood,1962-01-05
639,James,Burnett,2017-08-28
640,Sarah,Brown,1990-05-02
641,Jill,Obrien,1948-12-23
642,Keith,Huynh,1930-04-03
643,Lori,Rowe,1926-05-04
644,Robert,Green,1943-09-29
645,John,Munoz,2014-01-21
646,Victoria,Lopez,1959-05-21
647,Stephanie,Williams,2019-10-14
648,Michael,Long,1973-01-29
649,Tina,Bautista,2018-12-01
650,Julia,Schwartz,1977-08-15
651,Rachel,Wilson,1929-07-29
652,Vincent,Hall,1982-07-17
653,Krista,Martinez,2010-03-19
654,Gina,Foster,1986-02-12
655,Laura,Morgan,1973-09-05
656,Jenny,Johnson,1979-11-27
657,Gabrielle,Medina,1999-08-11
658,Marc,Curtis,1972-12-02
659,Kenneth,Anderson,1974-08-12
660,David,Jones,1948-06-18
661,Alexis,Warren,2018-06-03
662,Taylor,Olson,1967-09-12
663,Daniel,Keith,2007-05-21
664,Aaron,Green,1943-04-11
665,Douglas,Jones,1952-10-17
666,Colleen,Bullock,2016-09-07
667,Joanna,Gilbert,1962-03-08
668,Brian,Huff,1990-01-15
669,Jennifer,Rodriguez,1973-12-30
670,Anthony,Ritter,1949-02-07
671,Timothy,Perry,1970-07-07
672,Elizabeth,Savage,1930-07-13
673,Chelsea,Matthews,1970-07-14
674,Peter,Hayes,1980-08-17
675,Madison,Morris,1942-03-13
676,Kelly,Parker,1945-03-25
677,Michael,Lee,1946-06-03
678,Olivia,Harris,1986-08-04
679,Michael,Moore,1944-09-09
680,Kenneth,Guzman,2016-04-15
681,Wendy,Mckinney,2002-11-17
682,Raymond,Baker,1937-04-07
683,Christopher,Patel,1924-02-26
684,George,Taylor,1965-09-24
685,Jared,Clark,1933-11-29
686,Thomas,Moore,2014-08-20
687,Anthony,Sloan,1966-09-27
688,Jonathan,Murray,1998-10-04
689,Joanne,Zavala,2000-01-17
690,Brent,Lopez,1974-11-28
691,Martin,Roberts,2012-10-05
692,Brandon,Deleon,1962-05-28
693,Shannon,Robinson,1935-09-14
694,Donna,Fletcher,1995-01-07
695,David,Montgomery,1963-03-20
696,Kaitlyn,Sanchez,1990-11-17
697,James,Rios,1999-10-29
698,Jill,Sanders,1998-04-15
699,Kevin,Black,1999-01-26
700,Keith,Rowe,2007-03-08
701,Patrick,Liu,2005-05-01
702,Dustin,Smith,2015-05-17
703,Ashley,Burton,1959-07-06
704,Laura,Scott,1960-04-03
705,Janice,Hughes,1981-06-10
706,Jasmine,Davis,2023-06-22
707,Joseph,Garrett,1950-10-26
708,Cynthia,Gonzales,1948-11-09
709,Melissa,Hanson,1937-04-20
710,James,Zimmerman,1987-07-19
711,Cole,Porter,2008-02-09
712,Lisa,Russell,2006-01-22
713,Steven,Moss,1965-01-27
714,Benjamin,Sandoval,1926-09-16
715,Laura,Barnes,1943-04-11
716,Rhonda,Miller,1936-12-09
717,Juan,Huber,1999-10-09
718,Logan,Kaiser,1996-12-10
719,Emily,Harris,1965-01-11
720,Beth,Jones,2014-11-05
721,Elizabeth,Reid,2003-02-18
722,Carolyn,Vega,1957-07-24
723,Susan,Brooks,1927-05-30
724,Preston,Chan,1953-09-23
725,Christopher,Stewart,1961-01-23
726,Shane,Garcia,1968-11-25
727,Jean,Hahn,1965-03-06
728,Jason,Walker,1965-04-03
729,Natalie,Riggs,1996-09-25
730,Victor,Rios,1990-10-26
731,Julie,Phillips,1954-09-21
732,Suzanne,Hall,1936-10-05
733,Melvin,Williams,1983-08-01
734,Brandon,Owens,1949-07-15
735,Jennifer,Vance,1989-10-13
736,Anne,Friedman,2004-01-09
737,Maria,Williams,1980-03-09
738,Stephen,Hernandez,1943-08-18
739,Justin,Wilkerson,1975-10-01
740,Ian,Ross,1969-05-11
741,Alexis,Aguirre,1958-08-15
742,David,Erickson,2022-07-29
743,Marcus,Taylor,2007-05-31
744,Meredith,Roberts,1981-10-15
745,Brandon,Johnson,1924-01-30
746,Kimberly,Cantrell,1946-05-26
747,Steven,Douglas,1935-07-31
748,Robert,Kelly,1944-06-21
749,Lori,Scott,1972-03-10
750,Alexis,Massey,1936-06-18
751,April,Moore,1946-01-26
752,Courtney,Hicks,1938-01-25
753,Jennifer,Watts,2005-09-20
754,Brandon,Moore,1991-03-10
755,Cole,Mills,1945-07-30
756,Gina,Gonzales,1985-05-11
757,Julie,Cross,2007-11-22
758,Amanda,Morgan,1963-11-03
759,Regina,Knight,1956-09-15
760,Chelsea,Taylor,2003-01-03
761,Jeffrey,Jones,2023-12-22
762,Ryan,Jones,2000-01-26
763,Martin,Torres,1952-01-04
764,Dana,Fischer,1952-08-05
765,Jeffrey,Cook,1954-12-27
766,Michelle,Anderson,1926-12-09
767,Heather,Duncan,1939-07-04
768,Karen,Vaughn,1950-02-12
769,Melissa,Perry,1980-01-25
770,Kyle,George,1998-10-31
771,Brent,Preston,1972-10-10
772,Allison,Nelson,1986-05-16
773,Thomas,Gutierrez,1983-07-05
774,Keith,Coffey,1961-12-25
775,Jeffrey,Carrillo,1946-11-08
776,Robert,Torres,1931-12-24
777,Corey,Lewis,2013-06-01
778,Joshua,Robbins,1990-04-13
779,Louis,Campos,1979-05-17
780,James,Fletcher,2000-12-25
781,Michael,Baird,1949-07-11
782,Patricia,Osborne,2010-07-23
783,Larry,Holloway,1985-02-05
784,Jose,Dorsey,2000-01-08
785,Bruce,Rodgers,1933-10-23
786,Christina,Freeman,2009-03-26
787,Adam,Graham,1991-08-18
788,Bobby,Neal,1997-01-31
789,Daniel,Hale,2011-06-11
790,Brian,Reid,1986-02-05
791,Sheri,Roy,1952-09-21
792,David,Wood,1935-07-12
793,Karen,Tyler,1990-03-09
794,John,Reed,1926-09-28
795,Meagan,Smith,2005-10-02
796,Donna,Moore,1925-03-19
797,Ruben,Morales,1964-11-01
798,Elizabeth,Clayton,2003-09-25
799,Cynthia,Zamora,1997-05-11
800,Jennifer,Hill,1976-04-13
801,Amanda,Michael,1957-03-02
802,Aaron,Steele,1948-08-23
803,Donald,Evans,1947-01-18
804,Tyler,Cox,1924-01-31
805,Charlotte,Baird,1927-11-14
806,Laura,Hernandez,1988-08-31
807,Michael,Johnston,1991-09-02
808,Jasmin,Skinner,2017-01-17
809,Autumn,Barton,2019-08-10
810,Kayla,Haley,1969-03-04
811,Christopher,Daniel,1975-11-27
812,Danny,Stark,2011-06-28
813,Martha,Ray,1963-01-03
814,Joshua,Bailey,1987-03-02
815,Eric,Petty,1932-08-14
816,Charles,Jacobs,1969-06-28
817,Arthur,Gregory,1989-12-01
818,Kimberly,Scott,1926-12-04
819,Samantha,Wright,1991-12-06
820,Nicholas,Morgan,2005-07-28
821,Heather,Smith,2015-03-22
822,Kimberly,Hobbs,1954-03-19
823,Kimberly,Adams,1939-11-19
824,Dustin,Blevins,1984-07-13
825,Brittany,Snyder,1933-05-27
826,Christina,Mason,1980-04-21
827,Brandon,Garcia,1953-11-30
828,Eric,Acevedo,2016-10-10
829,Bruce,Gomez,1966-12-23
830,Amber,Smith,1977-03-04
831,Jeffrey,Mcdowell,2006-12-20
832,Megan,Hubbard,1994-07-28
833,Dominique,Mejia,1936-10-20
834,Brian,Shaw,2007-10-22
835,Douglas,Taylor,2017-05-04
836,Amanda,Romero,1973-04-02
837,Curtis,Murray,1956-09-11
838,Michael,Jackson,1953-09-17
839,Christopher,Butler,1989-02-03
840,Christina,Rowe,1963-04-18
841,Eric,Martin,2017-08-19
842,Patrick,Gregory,1952-08-26
843,Terri,Gray,2021-03-17
844,Laurie,Wood,1948-04-09
845,Andrew,Snow,1956-10-05
846,Laura,Morris,1930-03-12
847,Sherri,Ruiz,1939-01-01
848,Mitchell,Graham,2004-09-12
849,Theresa,Jones,1925-09-14
850,Samantha,Holder,1985-10-29
851,Timothy,Perez,2011-08-10
852,Daniel,Ross,1950-08-22
853,Angela,Taylor,2012-12-05
854,Nicholas,Mcdonald,1929-09-23
855,Justin,Rogers,1955-03-04
856,Alexander,Schroeder,1955-06-22
857,Jesse,Olsen,1928-09-12
858,James,Paul,2005-05-18
859,Amanda,Keller,2018-12-24
860,Jacob,Bell,1982-09-14
861,Zachary,Arias,1969-01-26
862,Pamela,Bonilla,2006-07-06
863,Marvin,Santos,1938-04-22
864,Stephanie,Harper,1965-03-06
865,Stephanie,Ingram,1965-08-25
866,Todd,Mason,2015-07-16
867,David,Owens,1980-12-04
868,Rebecca,Wilkerson,1926-11-05
869,Lisa,Thompson,1964-09-26
870,Mark,Ellis,1923-09-25
871,Catherine,Stark,1967-08-28
872,Roger,Pope,1997-02-15
873,Dillon,Petersen,2001-09-30
874,Kevin,Stewart,2005-04-22
875,Daniel,Johnson,1945-05-06
876,Shannon,Williams,2009-09-18
877,Marcus,Rodriguez,2005-11-28
878,Bryan,Brown,2003-09-29
879,Claire,Clark,1991-03-24
880,Carlos,Dunn,1999-10-13
881,Mark,Cooke,1981-05-02
882,Kenneth,Hernandez,2008-08-27
883,Stephen,Howe,2002-06-03
884,Kimberly,Wright,1999-12-29
885,David,Lowery,1995-08-05
886,Jessica,Phillips,2022-05-03
887,Donald,Fernandez,2008-10-19
888,Veronica,Henderson,1973-04-22
889,Hayden,Petersen,1964-05-24
890,Melissa,Conway,1971-01-03
891,Christina,Wells,2022-06-09
892,Laurie,Johnson,1974-05-01
893,Grant,Camacho,1931-07-18
894,Nancy,Jordan,1935-08-07
895,Kristina,Villarreal,1968-08-26
896,Robin,Washington,2003-06-12
897,Allison,Baker,1985-03-14
898,Tara,Diaz,1986-10-14
899,Joseph,Myers,1974-05-03
900,Elizabeth,Huff,1989-08-04
901,Rachel,Adams,2007-05-08
902,Valerie,Arnold,1957-10-10
903,Andre,Mckinney,1990-11-26
904,Kathleen,Swanson,1963-04-20
905,Cameron,Christian,1925-08-26
906,Brendan,Jenkins,2024-03-22
907,Ellen,Hill,2023-09-12
908,Michael,Hill,2006-01-05
909,Michael,Floyd,1969-10-27
910,John,Lewis,2020-02-12
911,Shawn,Stark,1981-06-09
912,Jennifer,Webb,1967-09-13
913,Victoria,Dixon,1942-05-04
914,Joseph,Anderson,1947-11-13
915,Richard,Huffman,1928-10-19
916,Jessica,Martinez,1934-11-27
917,Vanessa,Hardin,2005-11-14
918,David,Boyd,2006-07-08
919,Gregory,Kennedy,1944-03-16
920,Laura,Bryant,1943-02-19
921,Lynn,Dixon,2003-06-27
922,Joshua,Nichols,1950-12-28
923,Eric,Young,1927-11-02
924,Amber,Holt,1982-11-19
925,Nancy,Ramsey,1934-07-04
926,Matthew,Peterson,2012-07-15
927,Tara,Shepard,1986-09-15
928,Brenda,Kramer,1967-04-21
929,Hunter,Duran,2020-08-03
930,Carol,Randolph,1963-01-03
931,Timothy,Zamora,1966-10-10
932,Alexis,Bell,2010-03-02
933,Carla,Edwards,1994-06-24
934,Carol,Crawford,2009-12-20
935,Julie,Johnston,1935-06-17
936,Stephanie,Watkins,2013-10-24
937,Ian,Ware,2022-07-12
938,Laura,Herrera,1986-04-19
939,Rebecca,Watts,1984-07-03
940,Nicholas,Thompson,1957-03-20
941,Kenneth,Rodriguez,2004-08-22
942,Ariana,Ortiz,1948-05-19
943,Troy,Watson,2013-08-07
944,Vernon,Vaughn,1975-09-20
945,Stephen,Watson,1943-12-06
946,Joshua,Humphrey,1997-11-24
947,Lisa,Porter,1995-12-09
948,Karen,Mccoy,1941-11-03
949,Amy,Gregory,1962-12-07
950,Ashley,Washington,1948-03-31
951,Tammy,Chapman,1956-05-31
952,Margaret,Moore,2008-07-10
953,John,Benson,1948-06-20
954,Benjamin,Chambers,1962-11-14
955,Judith,Smith,2009-06-09
956,Debra,West,1950-06-21
957,William,Contreras,1993-12-05
958,Thomas,Cooper,1925-05-30
959,Cynthia,Wallace,1972-09-17
960,James,Hamilton,1985-12-20
961,Gregory,Jordan,1967-07-14
962,Paul,Perez,1963-11-19
963,Robert,Perez,1989-09-01
964,Adam,Johnson,1969-04-09
965,Joseph,Brown,1976-03-07
966,John,Smith,1991-10-21
967,Karen,Spencer,1985-05-07
968,Jonathon,Garrett,1952-07-20
969,William,Duran,1934-12-31
970,Melissa,Lucas,2024-06-29
971,David,Johnson,2022-12-25
972,Michael,Brown,1994-07-11
973,Natasha,Horton,1946-01-20
974,Monica,Allen,1954-09-27
975,Kristin,Martin,1975-02-12
976,Eric,Ross,1975-01-06
977,Patrick,West,1995-11-15
978,William,Houston,1939-04-08
979,Sergio,Dominguez,2001-05-15
980,Howard,Campbell,1946-03-01
981,Ronald,Morales,1965-04-20
982,Nancy,May,2005-12-07
983,Christine,Fitzgerald,1979-06-02
984,Lisa,Robinson,1923-12-16
985,Steven,Baker,2024-04-18
986,Christopher,Munoz,2000-06-18
987,Gerald,Morse,1935-01-18
988,Dorothy,Cantrell,2014-12-30
989,Scott,Rogers,1965-03-11
990,Sharon,Davis,2012-11-27
991,Christopher,Aguilar,1978-10-31
992,Michael,Baird,1988-10-16
993,Dominique,Sutton,1992-03-07
994,Jamie,Davis,2000-05-25
995,Kathryn,Green,2020-05-29
996,Caitlin,Carlson,2012-09-04
997,Brenda,Howard,1933-07-22
998,Ronald,Bennett,2012-05-16
999,Michelle,Reeves,2004-01-23
